,genetic,length,mass,exercise,smoking,alcohol,sugar,lifespan
genetic,1.0,-0.005660604989098177,-0.009111020824139176,0.003264656434953318,-0.009461829734027385,0.004965432644763133,-0.0047662812993522095,0.15307296751459018
length,-0.005660604989098177,1.0,0.022425028755009114,-0.008459760631337075,-0.004784529738081543,0.008195917139021871,-0.013823041391851159,0.17917770736732233
mass,-0.009111020824139176,0.022425028755009114,1.0,0.0057078237875287955,0.011893282861126855,-0.0028405662221674018,-0.00020830752612794026,-0.20094192885626502
exercise,0.003264656434953318,-0.008459760631337075,0.0057078237875287955,1.0,-0.008494372150906577,0.008714887450051265,0.002286961003455841,0.6647836979195952
smoking,-0.009461829734027385,-0.004784529738081543,0.011893282861126855,-0.008494372150906577,1.0,-0.0035783981761891475,-0.005383855383376082,-0.5323080398723726
alcohol,0.004965432644763133,0.008195917139021871,-0.0028405662221674018,0.008714887450051265,-0.0035783981761891475,1.0,0.007557607545183229,-0.21618873290675558
sugar,-0.0047662812993522095,-0.013823041391851159,-0.00020830752612794026,0.002286961003455841,-0.005383855383376082,0.007557607545183229,1.0,-0.24587272776534608
lifespan,0.15307296751459018,0.17917770736732233,-0.20094192885626502,0.6647836979195952,-0.5323080398723726,-0.21618873290675558,-0.24587272776534608,1.0
